"Date","Downloads","Mod Version"
"2023-04-05 16:28:41.829805","1","0.4.0"
"2023-04-05 13:22:41.584242","3","0.4.0"
"2023-04-05 11:04:34.929837","2","0.4.0"
"2023-04-05 09:40:59.195458","3","0.4.0"
"2023-04-05 08:22:44.354576","3","0.4.0"
"2023-04-05 00:43:12.787157","2","0.4.0"
"2023-04-04 20:29:54.534644","1","0.4.0"
"2023-04-04 18:45:45.662101","1","0.4.0"
"2023-04-04 16:35:47.710300","2","0.4.0"
"2023-04-04 15:07:23.661167","2","0.4.0"
"2023-04-04 12:31:34.161584","2","0.4.0"
"2023-04-04 10:16:08.016149","2","0.4.0"
"2023-04-04 08:38:01.146187","1","0.4.0"
"2023-04-04 06:31:30.454182","1","0.4.0"
"2023-04-04 03:38:56.589524","3","0.4.0"
"2023-04-04 01:49:19.473435","1","0.4.0"
"2023-04-03 21:16:24.232979","3","0.4.0"
"2023-04-03 19:43:51.431976","2","0.4.0"
"2023-04-03 18:30:54.317944","2","0.4.0"
"2023-04-03 17:18:08.335524","2","0.4.0"
"2023-04-03 15:09:45.245937","2","0.4.0"
"2023-04-03 13:20:55.981347","1","0.4.0"
"2023-04-03 10:37:02.774113","1","0.4.0"
"2023-04-03 08:15:29.392199","1","0.4.0"
"2023-04-03 06:08:55.276384","1","0.4.0"
"2023-04-03 03:56:07.170491","1","0.4.0"
"2023-04-03 00:35:46.805071","1","0.4.0"
"2023-04-02 23:35:39.185904","2","0.4.0"
"2023-04-02 22:28:28.582225","7","0.4.0"
"2023-04-02 20:03:42.022597","5","0.4.0"
"2023-04-02 18:34:32.898530","1","0.4.0"
"2023-04-02 16:46:56.107550","2","0.4.0"
"2023-04-02 15:24:35.102245","1","0.1.1"
"2023-04-02 14:47:25.954718","8","0.4.0"
"2023-04-02 12:01:20.330334","4","0.4.0"
"2023-04-02 10:24:13.986973","1","0.4.0"
"2023-04-02 08:19:18.146230","2","0.4.0"
"2023-04-02 07:00:47.479537","5","0.4.0"
"2023-04-02 05:24:48.131218","2","0.4.0"
"2023-04-02 04:11:22.920669","2","0.4.0"
"2023-04-02 02:28:07.807204","2","0.4.0"
"2023-04-02 00:27:17.949403","2","0.4.0"
"2023-04-01 22:46:37.200784","4","0.4.0"
"2023-04-01 21:41:14.597561","2","0.4.0"
"2023-04-01 20:20:45.248452","3","0.4.0"
"2023-04-01 18:00:51.865289","2","0.4.0"
"2023-04-01 16:37:54.893253","3","0.4.0"
"2023-04-01 15:31:39.893468","2","0.4.0"
"2023-04-01 15:02:15.175868","1","0.2.5"
"2023-04-01 14:06:45.339446","2","0.4.0"
"2023-04-01 11:29:33.873965","2","0.4.0"
"2023-04-01 09:40:54.057898","1","0.1.1"
"2023-04-01 09:32:53.163252","5","0.4.0"
"2023-04-01 06:46:10.744512","1","0.4.0"
"2023-04-01 05:18:05.125260","3","0.4.0"
"2023-04-01 04:02:48.724062","3","0.4.0"
"2023-04-01 01:49:15.473316","2","0.4.0"
"2023-04-01 00:43:36.096391","2","0.4.0"
"2023-03-31 19:25:05.858215","3","0.4.0"
"2023-03-31 17:58:21.915513","2","0.4.0"
"2023-03-31 16:56:01.896749","3","0.4.0"
"2023-03-31 13:48:43.458292","1","0.4.0"
"2023-03-31 07:05:49.211223","2","0.4.0"
"2023-03-31 06:03:02.785782","2","0.4.0"
"2023-03-31 04:32:15.895719","1","0.4.0"
"2023-03-31 01:11:01.201019","2","0.4.0"
"2023-03-30 23:56:45.541175","1","0.4.0"
"2023-03-30 22:33:44.265713","4","0.4.0"
"2023-03-30 21:14:07.609926","2","0.4.0"
"2023-03-30 19:55:36.961617","2","0.4.0"
"2023-03-30 18:39:09.477965","2","0.4.0"
"2023-03-30 17:22:32.192770","1","0.4.0"
"2023-03-30 15:48:29.044251","3","0.4.0"
"2023-03-30 14:30:50.285888","6","0.4.0"
"2023-03-30 13:08:24.561871","1","0.4.0"
"2023-03-30 12:01:29.674727","1","0.4.0"
"2023-03-30 04:12:28.185553","1","0.4.0"
"2023-03-30 01:05:51.469734","6","0.4.0"
"2023-03-29 23:15:17.598432","7","0.4.0"
"2023-03-29 21:37:09.653629","5","0.4.0"
"2023-03-29 20:34:06.377902","2","0.4.0"
"2023-03-29 19:33:32.953912","3","0.4.0"
"2023-03-29 18:16:33.901219","3","0.4.0"
"2023-03-29 17:16:24.714909","2","0.4.0"
"2023-03-29 15:54:42.173865","1","0.4.0"
"2023-03-29 14:34:44.270789","1","0.4.0"
"2023-03-29 11:02:58.036231","10","0.4.0"
"2023-03-29 06:41:44.668666","1","0.4.0"
"2023-03-29 04:10:38.836451","1","0.4.0"
"2023-03-29 02:00:07.847345","2","0.4.0"
"2023-03-29 00:11:32.647637","3","0.4.0"
"2023-03-28 22:41:54.797396","2","0.4.0"
"2023-03-28 21:41:44.691114","3","0.4.0"
"2023-03-28 18:59:19.924717","1","0.4.0"
"2023-03-28 16:59:43.923358","2","0.4.0"
"2023-03-28 15:59:19.085791","4","0.4.0"
"2023-03-28 14:17:40.568268","3","0.4.0"
"2023-03-28 03:00:50.842684","1","0.3.1"
"2023-03-28 02:36:17.364285","2","0.4.0"
"2023-03-28 01:29:33.780311","2","0.4.0"
"2023-03-28 00:06:10.559180","3","0.4.0"
"2023-03-27 22:50:44.484869","2","0.4.0"
"2023-03-27 21:42:25.016965","1","0.4.0"
"2023-03-27 20:26:21.657514","2","0.4.0"
"2023-03-27 18:43:26.244467","1","0.4.0"
"2023-03-27 17:30:23.770325","2","0.4.0"
"2023-03-27 15:14:50.037633","1","0.4.0"
"2023-03-27 13:44:56.076897","1","0.0.1"
"2023-03-27 13:08:30.835114","1","0.2.5"
"2023-03-27 11:02:51.453445","1","0.4.0"
"2023-03-27 09:47:45.545266","1","0.4.0"
"2023-03-27 07:46:43.083645","4","0.4.0"
"2023-03-27 03:02:44.946403","1","0.4.0"
"2023-03-27 01:48:49.663090","1","0.4.0"
"2023-03-27 00:21:41.553238","3","0.4.0"
"2023-03-26 23:12:21.114485","1","0.4.0"
"2023-03-26 21:16:29.683184","1","0.4.0"
"2023-03-26 20:42:24.322120","1","0.3.2"
"2023-03-26 19:50:04.458639","5","0.4.0"
"2023-03-26 17:58:59.299491","3","0.4.0"
"2023-03-26 16:15:18.106739","3","0.4.0"
"2023-03-26 14:31:54.663605","3","0.4.0"
"2023-03-26 13:22:51.537171","3","0.4.0"
"2023-03-26 12:26:01.388585","1","0.3.0"
"2023-03-26 11:39:28.575520","3","0.4.0"
"2023-03-26 09:40:33.027545","2","0.4.0"
"2023-03-26 08:12:45.608311","2","0.4.0"
"2023-03-26 06:00:19.046722","5","0.4.0"
"2023-03-26 04:31:55.354734","2","0.4.0"
"2023-03-26 03:06:17.797684","4","0.4.0"
"2023-03-26 02:01:22.984204","1","0.4.0"
"2023-03-26 00:56:33.235276","2","0.4.0"
"2023-03-25 23:52:43.275919","4","0.4.0"
"2023-03-25 22:34:18.770604","3","0.4.0"
"2023-03-25 21:33:58.943386","2","0.4.0"
"2023-03-25 20:32:15.743162","5","0.4.0"
"2023-03-25 19:17:54.337557","9","0.4.0"
"2023-03-25 18:03:20.397689","1","0.1.1"
"2023-03-25 17:32:04.081183","3","0.4.0"
"2023-03-25 16:15:57.936101","3","0.4.0"
"2023-03-25 15:12:43.036687","3","0.4.0"
"2023-03-25 14:09:55.212466","5","0.4.0"
"2023-03-25 13:04:47.389661","9","0.4.0"
"2023-03-25 10:11:04.792306","1","0.2.0"
"2023-03-25 10:03:56.217850","5","0.4.0"
"2023-03-25 08:44:47.394242","3","0.4.0"
"2023-03-25 04:45:41.371858","1","0.4.0"
"2023-03-25 03:28:46.638175","3","0.4.0"
"2023-03-25 02:13:28.391766","3","0.4.0"
"2023-03-25 00:21:46.118736","3","0.4.0"
"2023-03-24 23:16:18.153440","3","0.4.0"
"2023-03-24 21:09:29.762371","2","0.4.0"
"2023-03-24 20:04:10.106271","2","0.4.0"
"2023-03-24 18:19:58.976652","8","0.4.0"
"2023-03-24 17:11:00.329255","2","0.4.0"
"2023-03-24 15:54:43.419100","4","0.4.0"
"2023-03-24 14:20:21.686415","5","0.4.0"
"2023-03-24 13:10:31.761094","1","0.4.0"
"2023-03-24 12:01:46.554997","2","0.4.0"
"2023-03-24 09:43:30.526130","2","0.4.0"
"2023-03-24 07:36:31.391867","3","0.4.0"
"2023-03-24 05:47:15.328714","2","0.4.0"
"2023-03-24 03:14:19.401474","1","0.4.0"
"2023-03-24 01:02:41.943608","5","0.4.0"
"2023-03-23 23:41:05.354592","5","0.4.0"
"2023-03-23 21:58:20.618897","7","0.4.0"
"2023-03-23 20:53:33.970230","7","0.4.0"
"2023-03-23 19:49:33.693033","2","0.4.0"
"2023-03-23 18:25:45.661724","5","0.4.0"
"2023-03-23 17:11:16.774580","4","0.4.0"
"2023-03-23 15:38:05.214211","1","0.3.2"
"2023-03-23 15:21:04.835783","4","0.4.0"
"2023-03-23 13:40:24.955461","2","0.4.0"
"2023-03-23 12:07:51.617255","3","0.4.0"
"2023-03-23 11:07:40.389880","4","0.4.0"
"2023-03-23 07:29:19.854560","5","0.4.0"
"2023-03-23 05:13:25.163817","3","0.4.0"
"2023-03-23 04:12:02.989881","7","0.4.0"
"2023-03-23 01:56:07.439947","5","0.4.0"
"2023-03-23 00:54:37.555744","3","0.4.0"
"2023-03-22 23:17:35.475340","4","0.4.0"
"2023-03-22 21:37:17.132444","2","0.4.0"
"2023-03-22 20:18:46.835064","5","0.4.0"
"2023-03-22 18:58:03.174060","2","0.4.0"
"2023-03-22 17:32:12.956046","5","0.4.0"
"2023-03-22 16:21:28.352139","4","0.4.0"
"2023-03-22 14:49:55.123920","1","0.4.0"
"2023-03-22 13:18:44.264842","2","0.4.0"
"2023-03-22 12:03:47.869020","9","0.4.0"
"2023-03-22 09:53:34.476899","1","0.4.0"
"2023-03-22 08:53:33.431189","1","0.4.0"
"2023-03-22 05:58:20.178471","2","0.4.0"
"2023-03-22 04:37:38.496015","1","0.4.0"
"2023-03-22 02:39:56.083240","1","0.4.0"
"2023-03-22 01:35:21.713066","8","0.4.0"
"2023-03-21 23:40:27.219253","2","0.4.0"
"2023-03-21 22:25:03.417241","3","0.4.0"
"2023-03-21 21:07:37.465471","2","0.4.0"
"2023-03-21 19:50:22.179037","6","0.4.0"
"2023-03-21 18:25:20.613775","3","0.4.0"
"2023-03-21 17:20:55.352148","4","0.4.0"
"2023-03-21 16:02:50.851842","2","0.4.0"
"2023-03-21 13:24:31.502586","4","0.4.0"
"2023-03-21 10:33:59.685921","1","0.4.0"
"2023-03-21 06:21:21.282231","1","0.4.0"
"2023-03-21 05:13:26.152213","2","0.4.0"
"2023-03-21 03:52:45.028122","2","0.4.0"
"2023-03-21 02:03:43.216551","3","0.4.0"
"2023-03-20 23:32:13.883708","4","0.4.0"
"2023-03-20 22:25:51.127448","1","0.4.0"
"2023-03-20 20:54:59.361613","5","0.4.0"
"2023-03-20 19:47:39.613507","6","0.4.0"
"2023-03-20 18:44:29.388930","4","0.4.0"
"2023-03-20 17:22:18.931397","3","0.4.0"
"2023-03-20 16:09:49.478367","6","0.4.0"
"2023-03-20 14:51:48.562293","6","0.4.0"
"2023-03-20 13:48:35.894621","4","0.4.0"
"2023-03-20 12:45:11.637761","3","0.4.0"
"2023-03-20 10:45:18.069269","1","0.4.0"
"2023-03-20 09:42:49.061825","4","0.4.0"
"2023-03-20 09:35:46.250000","1","0.0.1"
"2023-03-20 09:05:50.571493","1","0.2.5"
"2023-03-20 07:00:27.953288","5","0.4.0"
"2023-03-20 04:46:56.764427","3","0.4.0"
"2023-03-20 03:02:11.514647","4","0.4.0"
"2023-03-20 01:53:14.763137","1","0.4.0"
"2023-03-20 00:29:00.543406","4","0.4.0"
"2023-03-19 23:15:10.857447","2","0.4.0"
"2023-03-19 22:42:01.147776","1","0.1.0"
"2023-03-19 22:09:21.838112","4","0.4.0"
"2023-03-19 20:33:39.490479","3","0.4.0"
"2023-03-19 19:15:24.578305","3","0.4.0"
"2023-03-19 18:10:12.714290","7","0.4.0"
"2023-03-19 16:33:21.039257","8","0.4.0"
"2023-03-19 15:07:10.617735","11","0.4.0"
"2023-03-19 13:20:42.474789","1","0.4.0"
"2023-03-19 12:13:05.718785","5","0.4.0"
"2023-03-19 10:17:35.283047","3","0.4.0"
"2023-03-19 08:49:27.005009","3","0.4.0"
"2023-03-19 07:28:22.804676","2","0.4.0"
"2023-03-19 06:05:24.806641","2","0.4.0"
"2023-03-19 04:59:24.798924","5","0.4.0"
"2023-03-19 02:50:13.506929","2","0.4.0"
"2023-03-19 02:19:29.296668","1","0.3.2"
"2023-03-19 01:39:54.445849","1","0.3.0"
"2023-03-19 01:26:01.529146","4","0.4.0"
"2023-03-19 01:01:59.312167","1","0.3.2"
"2023-03-19 00:11:41.208870","3","0.4.0"
"2023-03-18 22:43:55.505552","2","0.4.0"
"2023-03-18 21:14:24.703516","5","0.4.0"
"2023-03-18 20:07:00.275034","2","0.4.0"
"2023-03-18 18:50:30.820691","11","0.4.0"
"2023-03-18 17:41:49.694610","5","0.4.0"
"2023-03-18 16:11:22.562551","6","0.4.0"
"2023-03-18 15:09:59.542161","5","0.4.0"
"2023-03-18 14:03:13.128289","3","0.4.0"
"2023-03-18 12:48:10.925142","6","0.4.0"
"2023-03-18 11:06:31.758182","5","0.4.0"
"2023-03-18 10:03:51.497496","7","0.4.0"
"2023-03-18 08:59:15.481330","3","0.4.0"
"2023-03-18 07:03:00.514461","1","0.3.1"
"2023-03-18 06:31:05.464494","2","0.4.0"
"2023-03-18 06:24:13.539524","1","0.0.2"
"2023-03-18 06:04:27.291675","1","0.2.0"
"2023-03-18 05:11:59.935679","4","0.4.0"
"2023-03-18 03:52:38.301182","7","0.4.0"
"2023-03-18 02:43:40.726807","7","0.4.0"
"2023-03-18 01:29:25.888124","2","0.4.0"
"2023-03-18 00:22:18.024677","6","0.4.0"
"2023-03-17 22:42:47.258100","5","0.4.0"
"2023-03-17 21:17:37.082247","9","0.4.0"
"2023-03-17 20:16:52.896465","3","0.4.0"
"2023-03-17 19:10:23.372204","3","0.4.0"
"2023-03-17 18:04:06.816998","4","0.4.0"
"2023-03-17 17:03:12.769682","6","0.4.0"
"2023-03-17 16:02:58.735214","6","0.4.0"
"2023-03-17 14:23:28.839364","3","0.4.0"
"2023-03-17 13:13:48.255521","6","0.4.0"
"2023-03-17 12:10:00.025745","1","0.4.0"
"2023-03-17 11:07:22.237069","4","0.4.0"
"2023-03-17 09:27:33.443940","1","0.4.0"
"2023-03-17 07:43:23.084743","1","0.4.0"
"2023-03-17 05:50:07.607395","2","0.4.0"
"2023-03-17 04:49:56.292560","1","0.4.0"
"2023-03-17 03:36:13.602923","4","0.4.0"
"2023-03-17 02:17:09.932974","3","0.4.0"
"2023-03-17 00:26:59.865987","5","0.4.0"
"2023-03-17 00:21:46.387349","1","0.3.2"
"2023-03-16 23:11:42.420784","4","0.4.0"
"2023-03-16 22:55:52.101509","1","0.1.1"
"2023-03-16 22:20:53.630971","1","0.2.0"
"2023-03-16 22:07:38.637120","14","0.4.0"
"2023-03-16 21:02:32.757295","7","0.4.0"
"2023-03-16 20:24:39.260305","1","0.3.0"
"2023-03-16 19:50:46.828096","8","0.4.0"
"2023-03-16 18:45:52.198052","7","0.4.0"
"2023-03-16 17:38:22.843549","6","0.4.0"
"2023-03-16 16:34:25.154166","6","0.4.0"
"2023-03-16 15:26:07.247079","5","0.4.0"
"2023-03-16 14:20:55.345526","4","0.4.0"
"2023-03-16 13:07:31.575765","3","0.4.0"
"2023-03-16 11:58:15.037821","3","0.4.0"
"2023-03-16 10:39:51.923622","1","0.4.0"
"2023-03-16 08:47:18.418716","3","0.4.0"
"2023-03-16 07:41:33.302013","1","0.4.0"
"2023-03-16 06:34:58.422870","5","0.4.0"
"2023-03-16 03:56:06.587529","1","0.4.0"
"2023-03-16 02:42:13.875138","8","0.4.0"
"2023-03-16 00:53:58.483444","3","0.4.0"
"2023-03-15 23:21:25.524940","3","0.4.0"
"2023-03-15 21:51:07.896263","2","0.4.0"
"2023-03-15 20:40:09.034668","6","0.4.0"
"2023-03-15 19:33:06.863401","4","0.4.0"
"2023-03-15 18:44:35.838164","1","0.3.2"
"2023-03-15 18:25:53.842322","5","0.4.0"
"2023-03-15 17:15:39.431008","6","0.4.0"
"2023-03-15 15:34:46.064726","5","0.4.0"
"2023-03-15 14:29:46.005324","10","0.4.0"
"2023-03-15 13:02:26.697012","1","0.4.0"
"2023-03-15 12:00:47.137566","2","0.4.0"
"2023-03-15 10:58:40.080769","12","0.4.0"
"2023-03-15 08:49:22.716039","1","0.4.0"
"2023-03-15 07:43:54.580653","1","0.4.0"
"2023-03-15 06:41:23.605323","4","0.4.0"
"2023-03-15 05:13:48.907551","2","0.4.0"
"2023-03-15 03:26:55.585473","2","0.4.0"
"2023-03-15 02:08:38.095271","2","0.4.0"
"2023-03-15 00:50:57.635350","2","0.4.0"
"2023-03-14 23:27:39.096567","6","0.4.0"
"2023-03-14 22:25:33.798098","6","0.4.0"
"2023-03-14 21:21:44.701284","7","0.4.0"
"2023-03-14 19:56:35.278527","4","0.4.0"
"2023-03-14 18:52:01.491717","5","0.4.0"
"2023-03-14 17:44:10.289464","3","0.4.0"
"2023-03-14 16:40:05.544802","3","0.4.0"
"2023-03-14 15:21:16.424710","6","0.4.0"
"2023-03-14 14:06:25.907522","1","0.3.2"
"2023-03-14 13:19:27.133153","2","0.4.0"
"2023-03-14 11:40:18.104941","1","0.4.0"
"2023-03-14 10:31:16.103585","2","0.4.0"
"2023-03-14 08:13:42.020618","3","0.4.0"
"2023-03-14 06:54:16.657890","3","0.4.0"
"2023-03-14 05:49:40.549325","2","0.4.0"
"2023-03-14 04:35:45.591699","2","0.4.0"
"2023-03-14 02:20:34.616874","2","0.4.0"
"2023-03-14 00:59:50.200588","5","0.4.0"
"2023-03-13 23:57:07.127782","5","0.4.0"
"2023-03-13 22:53:17.908476","5","0.4.0"
"2023-03-13 21:52:44.285182","15","0.4.0"
"2023-03-13 20:51:21.672706","7","0.4.0"
"2023-03-13 19:26:23.790156","6","0.4.0"
"2023-03-13 18:20:22.110963","3","0.4.0"
"2023-03-13 16:59:58.396404","1","0.1.0"
"2023-03-13 16:54:45.313281","3","0.4.0"
"2023-03-13 15:33:20.581759","9","0.4.0"
"2023-03-13 13:58:37.338346","4","0.4.0"
"2023-03-13 12:50:12.935487","5","0.4.0"
"2023-03-13 11:38:53.069603","6","0.4.0"
"2023-03-13 10:25:00.104810","4","0.4.0"
"2023-03-13 09:21:27.901145","2","0.4.0"
"2023-03-13 08:05:41.495739","1","0.4.0"
"2023-03-13 06:57:10.528955","3","0.4.0"
"2023-03-13 05:22:35.422323","3","0.4.0"
"2023-03-13 02:49:29.995198","5","0.4.0"
"2023-03-13 01:38:13.346816","7","0.4.0"
"2023-03-13 00:32:49.706620","8","0.4.0"
"2023-03-12 23:30:02.501964","6","0.4.0"
"2023-03-12 22:00:42.691183","7","0.4.0"
"2023-03-12 20:52:08.056567","4","0.4.0"
"2023-03-12 19:33:25.247491","8","0.4.0"
"2023-03-12 18:16:09.063848","16","0.4.0"
"2023-03-12 17:15:45.697890","12","0.4.0"
"2023-03-12 16:11:27.834754","9","0.4.0"
"2023-03-12 15:09:24.233181","1","0.4.0"
"2023-03-12 13:52:26.909672","11","0.4.0"
"2023-03-12 13:25:13.301211","1","0.3.0"
"2023-03-12 12:51:32.677433","8","0.4.0"
"2023-03-12 11:46:18.941563","8","0.4.0"
"2023-03-12 11:31:31.283807","1","0.1.1"
"2023-03-12 10:36:06.522018","5","0.4.0"
"2023-03-12 09:32:30.930509","5","0.4.0"
"2023-03-12 08:27:15.847628","6","0.4.0"
"2023-03-12 07:17:32.699464","4","0.4.0"
"2023-03-12 05:19:54.133029","2","0.4.0"
"2023-03-12 04:14:13.125917","4","0.4.0"
"2023-03-12 03:01:05.837317","2","0.4.0"
"2023-03-12 01:56:50.359260","8","0.4.0"
"2023-03-12 00:47:53.515879","16","0.4.0"
"2023-03-11 23:39:51.217624","4","0.4.0"
"2023-03-11 22:33:19.768698","8","0.4.0"
"2023-03-11 21:23:29.620907","12","0.4.0"
"2023-03-11 20:23:23.749105","12","0.4.0"
"2023-03-11 19:22:30.185363","9","0.4.0"
"2023-03-11 18:20:45.354658","14","0.4.0"
"2023-03-11 17:12:23.340407","7","0.4.0"
"2023-03-11 16:04:13.746905","11","0.4.0"
"2023-03-11 15:01:04.838102","7","0.4.0"
"2023-03-11 13:46:43.071604","7","0.4.0"
"2023-03-11 12:45:21.548191","10","0.4.0"
"2023-03-11 11:38:24.088178","5","0.4.0"
"2023-03-11 10:18:59.937700","1","0.1.0"
"2023-03-11 10:17:11.352876","3","0.4.0"
"2023-03-11 10:14:29.856159","1","0.3.2"
"2023-03-11 09:14:05.992458","11","0.4.0"
"2023-03-11 08:13:14.967810","7","0.4.0"
"2023-03-11 07:29:38.021170","1","0.3.2"
"2023-03-11 07:04:01.173712","5","0.4.0"
"2023-03-11 05:59:09.797197","7","0.4.0"
"2023-03-11 04:39:17.550708","4","0.4.0"
"2023-03-11 03:31:03.852657","3","0.4.0"
"2023-03-11 02:43:43.303701","1","0.3.2"
"2023-03-11 02:22:04.331771","3","0.4.0"
"2023-03-11 01:08:09.143713","14","0.4.0"
"2023-03-11 00:07:24.423395","5","0.4.0"
"2023-03-10 22:58:04.913808","10","0.4.0"
"2023-03-10 21:54:29.581289","19","0.4.0"
"2023-03-10 20:50:33.956446","14","0.4.0"
"2023-03-10 19:33:47.753772","8","0.4.0"
"2023-03-10 18:31:10.045258","8","0.4.0"
"2023-03-10 17:16:45.830632","11","0.4.0"
"2023-03-10 16:16:30.759085","14","0.4.0"
"2023-03-10 15:11:19.675304","12","0.4.0"
"2023-03-10 14:55:54.538600","1","0.0.2"
"2023-03-10 14:07:35.625720","14","0.4.0"
"2023-03-10 13:00:00.396418","11","0.4.0"
"2023-03-10 11:54:27.260006","7","0.4.0"
"2023-03-10 10:48:33.793812","8","0.4.0"
"2023-03-10 09:43:49.616781","5","0.4.0"
"2023-03-10 08:37:57.870689","5","0.4.0"
"2023-03-10 07:33:14.544834","7","0.4.0"
"2023-03-10 06:31:13.986731","4","0.4.0"
"2023-03-10 05:17:00.766505","5","0.4.0"
"2023-03-10 03:58:06.087957","6","0.4.0"
"2023-03-10 02:51:13.493874","11","0.4.0"
"2023-03-10 01:47:01.857745","6","0.4.0"
"2023-03-10 00:44:29.311286","8","0.4.0"
"2023-03-10 00:41:21.952127","1","0.3.0"
"2023-03-09 23:42:00.282090","7","0.4.0"
"2023-03-09 22:37:53.077516","9","0.4.0"
"2023-03-09 21:33:41.398694","20","0.4.0"
"2023-03-09 20:55:51.874569","1","0.3.2"
"2023-03-09 20:28:17.605053","9","0.4.0"
"2023-03-09 19:22:53.374103","11","0.4.0"
"2023-03-09 18:15:55.842342","15","0.4.0"
"2023-03-09 17:16:57.364166","1","0.1.1"
"2023-03-09 17:03:20.694341","16","0.4.0"
"2023-03-09 16:00:23.528499","22","0.4.0"
"2023-03-09 14:53:21.383855","9","0.4.0"
"2023-03-09 13:49:42.400351","6","0.4.0"
"2023-03-09 12:43:58.799692","2","0.4.0"
"2023-03-09 11:38:40.168385","2","0.4.0"
"2023-03-09 10:36:26.707915","5","0.4.0"
"2023-03-09 09:09:25.585720","5","0.4.0"
"2023-03-09 08:00:23.116574","5","0.4.0"
"2023-03-09 06:46:53.127613","6","0.4.0"
"2023-03-09 05:03:01.793818","6","0.4.0"
"2023-03-09 03:40:57.891608","1","0.4.0"
"2023-03-09 02:07:02.782343","4","0.4.0"
"2023-03-09 01:06:44.451185","11","0.4.0"
"2023-03-09 00:00:42.562383","9","0.4.0"
"2023-03-08 22:55:40.182369","16","0.4.0"
"2023-03-08 21:46:28.523699","7","0.4.0"
"2023-03-08 20:39:21.146805","8","0.4.0"
"2023-03-08 19:37:54.926021","19","0.4.0"
"2023-03-08 18:32:16.262902","12","0.4.0"
"2023-03-08 17:31:09.620939","11","0.4.0"
"2023-03-08 16:30:52.702327","5","0.4.0"
"2023-03-08 15:25:18.403729","8","0.4.0"
"2023-03-08 14:44:23.260994","1","0.1.0"
"2023-03-08 14:25:11.431803","11","0.4.0"
"2023-03-08 14:16:39.785739","1","0.3.2"
"2023-03-08 13:19:54.317702","10","0.4.0"
"2023-03-08 12:17:07.419909","7","0.4.0"
"2023-03-08 11:24:07.692485","1","0.3.2"
"2023-03-08 11:12:06.038623","6","0.4.0"
"2023-03-08 09:24:26.670082","6","0.4.0"
"2023-03-08 08:19:28.767601","7","0.4.0"
"2023-03-08 06:58:39.048360","2","0.4.0"
"2023-03-08 05:36:45.935409","3","0.4.0"
"2023-03-08 04:17:12.258303","8","0.4.0"
"2023-03-08 04:01:57.833646","1","0.3.2"
"2023-03-08 03:10:08.872724","15","0.4.0"
"2023-03-08 01:53:51.150708","8","0.4.0"
"2023-03-08 00:50:37.630396","4","0.4.0"
"2023-03-07 23:44:46.782782","28","0.4.0"
"2023-03-07 22:39:32.008152","23","0.4.0"
"2023-03-07 21:38:32.177883","10","0.4.0"
"2023-03-07 20:46:25.339016","1","0.3.2"
"2023-03-07 20:31:08.216880","18","0.4.0"
"2023-03-07 20:12:48.118847","1","0.1.0"
"2023-03-07 19:29:46.447985","13","0.4.0"
"2023-03-07 18:27:49.526614","15","0.4.0"
"2023-03-07 18:04:02.943135","1","0.3.2"
"2023-03-07 17:27:32.463284","23","0.4.0"
"2023-03-07 16:23:32.122949","12","0.4.0"
"2023-03-07 15:22:22.258617","11","0.4.0"
"2023-03-07 14:13:34.683273","8","0.4.0"
"2023-03-07 13:13:31.826883","9","0.4.0"
"2023-03-07 12:08:51.607308","8","0.4.0"
"2023-03-07 11:06:00.836131","13","0.4.0"
"2023-03-07 09:53:33.348359","53","0.4.0"
"2023-03-07 08:52:41.309039","7","0.4.0"
"2023-03-07 08:13:34.479882","1","0.1.1"
"2023-03-07 07:39:12.869023","12","0.4.0"
"2023-03-07 06:32:21.595170","10","0.4.0"
"2023-03-07 05:30:39.284554","13","0.4.0"
"2023-03-07 04:27:13.313318","10","0.4.0"
"2023-03-07 03:24:59.724151","8","0.4.0"
"2023-03-07 02:21:15.572982","15","0.4.0"
"2023-03-07 01:20:28.901109","21","0.4.0"
"2023-03-07 00:07:34.768954","15","0.4.0"
"2023-03-06 23:06:41.442272","33","0.4.0"
"2023-03-06 22:01:41.107019","15","0.4.0"
"2023-03-06 21:32:48.116647","1","0.3.2"
"2023-03-06 21:00:30.782249","27","0.4.0"
"2023-03-06 19:59:54.167315","26","0.4.0"
"2023-03-06 19:47:13.505891","2","0.1.0"
"2023-03-06 19:23:13.484198","1","0.3.2"
"2023-03-06 18:59:31.341626","27","0.4.0"
"2023-03-06 18:52:17.418911","1","0.3.0"
"2023-03-06 17:57:04.244024","29","0.4.0"
"2023-03-06 16:55:27.884330","14","0.4.0"
"2023-03-06 15:46:21.193469","23","0.4.0"
"2023-03-06 14:44:44.260452","14","0.4.0"
"2023-03-06 14:04:27.392047","1","0.2.5"
"2023-03-06 13:44:34.665040","23","0.4.0"
"2023-03-06 13:33:43.319563","1","0.3.2"
"2023-03-06 12:43:20.827477","14","0.4.0"
"2023-03-06 11:41:50.767984","13","0.4.0"
"2023-03-06 10:33:55.936494","21","0.4.0"
"2023-03-06 09:26:47.222528","14","0.4.0"
"2023-03-06 09:10:26.646584","2","0.3.2"
"2023-03-06 08:25:50.820161","6","0.4.0"
"2023-03-06 08:06:19.823676","1","0.3.2"
"2023-03-06 07:25:23.856672","12","0.4.0"
"2023-03-06 06:21:39.727070","18","0.4.0"
"2023-03-06 05:20:31.799794","16","0.4.0"
"2023-03-06 05:09:58.989246","2","0.3.2"
"2023-03-06 04:15:08.153779","18","0.4.0"
"2023-03-06 03:29:23.853952","1","0.3.2"
"2023-03-06 03:11:09.248265","15","0.4.0"
"2023-03-06 02:48:11.261016","1","0.1.1"
"2023-03-06 02:11:08.484337","11","0.4.0"
"2023-03-06 01:58:49.504676","1","0.2.0"
"2023-03-06 01:57:20.954373","1","0.3.0"
"2023-03-06 01:38:06.583804","2","0.1.0"
"2023-03-06 01:08:12.622332","24","0.4.0"
"2023-03-06 00:46:46.458908","1","0.3.0"
"2023-03-06 00:00:50.667499","23","0.4.0"
"2023-03-05 23:00:42.683316","33","0.4.0"
"2023-03-05 22:59:37.911420","1","0.3.2"
"2023-03-05 22:59:35.076239","1","0.3.1"
"2023-03-05 22:59:31.745821","2","0.3.0"
"2023-03-05 22:59:28.693725","1","0.2.5"
"2023-03-05 22:59:25.485448","1","0.2.0"
"2023-03-05 22:59:22.468713","1","0.1.1"
"2023-03-05 22:59:19.315669","1","0.1.0"
"2023-03-05 22:59:16.302726","1","0.0.2"
"2023-03-05 22:59:13.496600","1","0.0.1"
"2023-03-05 21:58:34.547443","37","0.4.0"
"2023-03-05 21:23:32.244620","1","0.3.0"
"2023-03-05 21:04:28.310523","3","0.3.2"
"2023-03-05 20:58:13.555636","47","0.4.0"
"2023-03-05 19:57:54.969757","44","0.4.0"
"2023-03-05 19:36:21.814409","1","0.3.1"
"2023-03-05 19:26:18.736769","1","0.1.1"
"2023-03-05 19:09:48.741188","1","0.1.0"
"2023-03-05 19:09:35.621007","1","0.0.2"
"2023-03-05 19:09:30.369859","1","0.0.1"
"2023-03-05 19:09:10.197087","1","0.2.5"
"2023-03-05 18:57:45.230357","37","0.4.0"
"2023-03-05 18:13:52.545565","2","0.3.1"
"2023-03-05 17:59:02.689570","3","0.3.0"
"2023-03-05 17:57:30.192407","8","0.3.2"
"2023-03-05 17:57:18.491484","43","0.4.0"
"2023-03-05 16:56:03.833073","42","0.4.0"
"2023-03-05 15:54:20.427956","39","0.4.0"
"2023-03-05 15:21:58.846608","10","0.3.2"
"2023-03-05 14:21:31.374283","13","0.3.2"
"2023-03-05 13:07:31.148091","18","0.3.2"
"2023-03-05 12:45:12.019101","1","0.3.0"
"2023-03-05 12:44:16.333669","1","0.3.1"
"2023-03-05 12:06:31.615729","18","0.3.2"
"2023-03-05 11:05:11.017573","10","0.3.2"
"2023-03-05 10:04:33.306194","20","0.3.2"
"2023-03-05 09:00:53.916301","15","0.3.2"
"2023-03-05 08:00:11.690767","14","0.3.2"
"2023-03-05 06:37:57.417825","11","0.3.2"
"2023-03-05 05:34:16.252600","9","0.3.2"
"2023-03-05 05:14:43.609273","1","0.3.0"
"2023-03-05 04:29:15.289457","12","0.3.2"
"2023-03-05 03:28:29.612035","25","0.3.2"
"2023-03-05 02:27:17.508391","18","0.3.2"
"2023-03-05 01:26:54.747950","15","0.3.2"
"2023-03-05 00:25:08.239452","24","0.3.2"
"2023-03-04 23:22:00.040932","33","0.3.2"
"2023-03-04 22:20:14.874878","20","0.3.2"
"2023-03-04 21:20:05.455526","22","0.3.2"
"2023-03-04 20:39:08.220951","1","0.3.0"
"2023-03-04 20:18:31.572270","34","0.3.2"
"2023-03-04 19:18:27.171608","39","0.3.2"
"2023-03-04 18:18:21.110236","28","0.3.2"
"2023-03-04 17:15:27.563316","35","0.3.2"
"2023-03-04 16:14:33.025345","51","0.3.2"
"2023-03-04 15:12:39.242683","33","0.3.2"
"2023-03-04 14:56:47.529545","1","0.3.0"
"2023-03-04 14:11:33.927212","36","0.3.2"
"2023-03-04 13:11:30.149802","39","0.3.2"
"2023-03-04 12:11:09.594974","33","0.3.2"
"2023-03-04 11:11:04.587191","23","0.3.2"
"2023-03-04 10:10:11.295453","33","0.3.2"
"2023-03-04 09:35:21.068934","1","0.3.1"
"2023-03-04 09:03:25.440114","16","0.3.2"
"2023-03-04 08:00:55.769292","28","0.3.2"
"2023-03-04 06:58:36.725209","22","0.3.2"
"2023-03-04 05:53:15.892062","16","0.3.2"
"2023-03-04 04:52:02.982748","19","0.3.2"
"2023-03-04 03:51:56.478245","20","0.3.2"
"2023-03-04 02:49:56.588882","29","0.3.2"
"2023-03-04 01:49:14.641808","29","0.3.2"
"2023-03-04 00:49:07.290052","41","0.3.2"
"2023-03-03 23:42:51.265539","34","0.3.2"
"2023-03-03 22:41:36.091608","36","0.3.2"
"2023-03-03 21:37:02.485541","54","0.3.2"
"2023-03-03 20:36:59.048239","44","0.3.2"
"2023-03-03 19:35:55.760582","41","0.3.2"
"2023-03-03 18:35:41.748280","44","0.3.2"
"2023-03-03 17:35:06.419974","45","0.3.2"
"2023-03-03 16:34:51.747173","31","0.3.2"
"2023-03-03 15:33:53.041547","12","0.3.2"
"2023-03-03 15:33:48.652776","1","0.3.1"
"2023-03-03 15:33:44.431480","1","0.3.0"
"2023-03-03 15:33:40.408594","1","0.2.5"
"2023-03-03 15:33:35.834104","1","0.2.0"
"2023-03-03 15:33:31.410208","1","0.1.1"
"2023-03-03 15:33:26.740729","1","0.1.0"
"2023-03-03 15:33:22.800826","1","0.0.2"
"2023-03-03 15:33:18.555635","1","0.0.1"
"2023-03-03 14:32:48.608932","15","0.3.2"
"2023-03-03 13:29:09.508145","18","0.3.2"
"2023-03-03 12:25:52.288118","13","0.3.2"
"2023-03-03 11:20:55.044069","8","0.3.2"
"2023-03-03 10:13:00.150895","13","0.3.2"
"2023-03-03 09:10:04.104382","3","0.3.2"
"2023-03-03 08:08:31.008329","5","0.3.2"
"2023-03-03 07:01:08.586770","5","0.3.2"
"2023-03-03 05:35:31.875134","11","0.3.2"
"2023-03-03 04:26:45.545368","8","0.3.2"
"2023-03-03 03:38:57.226276","3","0.3.1"
"2023-03-03 03:26:00.275756","8","0.3.2"
"2023-03-03 02:24:02.720459","9","0.3.2"
"2023-03-03 01:19:52.754728","14","0.3.2"
"2023-03-03 01:11:52.513059","1","0.1.0"
"2023-03-03 00:59:42.331583","1","0.2.0"
"2023-03-03 00:15:13.405302","16","0.3.2"
"2023-03-02 23:13:40.934671","19","0.3.2"
"2023-03-02 22:13:00.816874","20","0.3.2"
"2023-03-02 21:12:37.829947","19","0.3.2"
"2023-03-02 20:09:36.824435","23","0.3.2"
"2023-03-02 19:05:32.525248","18","0.3.2"
"2023-03-02 18:07:29.207901","1","0.2.5"
"2023-03-02 18:04:56.961054","1","0.3.0"
"2023-03-02 18:00:51.009097","13","0.3.2"
"2023-03-02 18:00:24.468911","1","0.3.1"
"2023-03-02 16:59:05.204985","20","0.3.2"
"2023-03-02 15:58:33.722988","14","0.3.2"
"2023-03-02 14:56:10.062510","15","0.3.2"
"2023-03-02 13:55:11.215339","8","0.3.2"
"2023-03-02 13:21:54.849218","2","0.3.0"
"2023-03-02 12:54:04.352506","21","0.3.2"
"2023-03-02 11:51:04.891921","8","0.3.2"
"2023-03-02 10:49:43.113649","8","0.3.2"
"2023-03-02 09:32:20.788612","13","0.3.2"
"2023-03-02 08:30:29.817463","10","0.3.2"
"2023-03-02 07:20:48.535393","18","0.3.2"
"2023-03-02 06:19:31.320170","11","0.3.2"
"2023-03-02 06:14:43.624551","1","0.0.2"
"2023-03-02 06:14:07.982042","1","0.0.1"
"2023-03-02 06:05:30.075176","2","0.3.1"
"2023-03-02 06:05:09.671702","2","0.3.0"
"2023-03-02 06:04:48.213768","2","0.2.5"
"2023-03-02 06:04:31.178296","2","0.2.0"
"2023-03-02 06:04:14.973430","2","0.1.1"
"2023-03-02 06:03:55.413612","2","0.1.0"
"2023-03-02 05:15:35.165177","7","0.3.2"
"2023-03-02 03:56:40.875308","12","0.3.2"
"2023-03-02 02:56:19.906855","19","0.3.2"
"2023-03-02 01:51:21.845903","13","0.3.2"
"2023-03-02 00:50:38.335320","19","0.3.2"
"2023-03-01 23:46:41.126682","24","0.3.2"
"2023-03-01 22:46:34.351749","19","0.3.2"
"2023-03-01 21:42:59.171094","23","0.3.2"
"2023-03-01 20:42:35.386535","25","0.3.2"
"2023-03-01 19:41:48.745597","18","0.3.2"
"2023-03-01 18:37:41.473870","27","0.3.2"
"2023-03-01 18:32:17.195212","1","0.0.2"
"2023-03-01 18:28:32.053316","1","0.0.1"
"2023-03-01 18:16:46.558417","1","0.3.0"
"2023-03-01 17:37:24.013935","28","0.3.2"
"2023-03-01 16:33:54.131234","28","0.3.2"
"2023-03-01 15:33:47.482068","25","0.3.2"
"2023-03-01 14:32:54.327801","28","0.3.2"
"2023-03-01 13:29:51.723200","14","0.3.2"
"2023-03-01 12:27:58.447413","19","0.3.2"
"2023-03-01 11:27:38.192570","14","0.3.2"
"2023-03-01 10:26:18.652518","15","0.3.2"
"2023-03-01 09:26:07.846155","12","0.3.2"
"2023-03-01 08:06:34.767323","13","0.3.2"
"2023-03-01 07:00:46.868452","10","0.3.2"
"2023-03-01 05:58:13.894744","13","0.3.2"
"2023-03-01 04:57:37.152096","18","0.3.2"
"2023-03-01 03:55:34.043739","24","0.3.2"
"2023-03-01 03:21:15.932917","1","0.3.1"
"2023-03-01 03:21:14.508549","1","0.3.0"
"2023-03-01 02:53:56.616020","22","0.3.2"
"2023-03-01 01:53:10.857816","31","0.3.2"
"2023-03-01 01:50:57.054321","6","0.3.1"
"2023-03-01 01:22:07.542004","1","0.1.1"
"2023-03-01 00:51:11.803551","32","0.3.0"
"2023-03-01 00:21:58.301704","11","0.2.5"
"2023-02-28 23:21:46.715660","32","0.2.5"
"2023-02-28 22:21:23.505428","35","0.2.5"
"2023-02-28 21:18:41.817091","51","0.2.5"
"2023-02-28 20:46:55.949019","2","0.2.0"
"2023-02-28 20:18:27.666938","102","0.2.5"
"2023-02-28 19:16:12.016499","51","0.2.5"
"2023-02-28 18:14:48.084876","37","0.2.5"
"2023-02-28 17:13:55.081468","39","0.2.5"
"2023-02-28 16:12:04.552573","28","0.2.5"
"2023-02-28 15:09:50.147667","16","0.2.5"
"2023-02-28 14:08:03.166292","16","0.2.5"
"2023-02-28 13:07:42.496577","10","0.2.5"
"2023-02-28 11:56:25.263878","13","0.2.5"
"2023-02-28 10:54:41.384819","16","0.2.5"
"2023-02-28 09:54:12.301664","13","0.2.5"
"2023-02-28 08:52:00.766310","16","0.2.5"
"2023-02-28 07:50:00.914674","16","0.2.5"
"2023-02-28 06:47:21.622697","15","0.2.5"
"2023-02-28 05:46:21.932782","23","0.2.5"
"2023-02-28 04:44:38.584325","12","0.2.5"
"2023-02-28 03:39:19.430499","17","0.2.5"
"2023-02-28 02:32:02.619541","35","0.2.5"
"2023-02-28 01:27:04.004922","29","0.2.5"
"2023-02-28 00:23:52.313030","25","0.2.5"
"2023-02-27 23:20:54.557296","48","0.2.5"
"2023-02-27 22:20:50.211660","47","0.2.5"
"2023-02-27 22:17:29.846516","1","0.0.1"
"2023-02-27 22:11:57.484267","1","0.1.0"
"2023-02-27 21:16:23.245923","53","0.2.5"
"2023-02-27 20:34:12.631120","2","0.1.0"
"2023-02-27 20:15:16.586333","41","0.2.5"
"2023-02-27 19:14:54.323106","43","0.2.5"
"2023-02-27 18:23:58.519337","1","0.0.2"
"2023-02-27 18:15:34.595141","1","0.0.1"
"2023-02-27 18:14:40.167270","53","0.2.5"
"2023-02-27 18:12:59.908516","1","0.1.0"
"2023-02-27 17:14:03.372413","45","0.2.5"
"2023-02-27 16:13:28.092616","50","0.2.5"
"2023-02-27 15:12:36.684755","3","0.1.0"
"2023-02-27 15:11:05.333001","47","0.2.5"
"2023-02-27 14:57:26.967537","1","0.1.1"
"2023-02-27 14:10:46.600001","57","0.2.5"
"2023-02-27 13:47:40.164039","1","0.1.1"
"2023-02-27 13:05:48.916052","31","0.2.5"
"2023-02-27 12:52:06.475620","1","0.1.0"
"2023-02-27 12:27:50.860605","1","0.1.1"
"2023-02-27 12:04:04.637469","66","0.2.5"
"2023-02-27 11:00:41.130530","33","0.2.5"
"2023-02-27 09:59:22.060384","35","0.2.5"
"2023-02-27 09:17:57.387561","2","0.1.0"
"2023-02-27 08:53:57.384010","42","0.2.5"
"2023-02-27 08:44:55.590650","3","0.2.0"
"2023-02-27 07:51:53.652954","19","0.2.5"
"2023-02-27 07:36:20.272223","1","0.1.0"
"2023-02-27 06:51:29.623199","26","0.2.5"
"2023-02-27 05:47:08.906189","16","0.2.5"
"2023-02-27 04:52:31.255282","1","0.0.2"
"2023-02-27 04:52:29.624981","1","0.0.1"
"2023-02-27 04:41:36.209040","44","0.2.5"
"2023-02-27 04:40:06.226433","2","0.1.1"
"2023-02-27 04:37:12.101216","2","0.1.0"
"2023-02-27 03:59:38.794566","30","0.2.0"
"2023-02-27 03:17:04.950389","4","0.1.0"
"2023-02-27 02:56:10.145147","31","0.2.0"
"2023-02-27 01:55:15.144007","46","0.2.0"
"2023-02-27 00:54:15.629104","49","0.2.0"
"2023-02-26 23:56:34.781321","1","0.1.0"
"2023-02-26 23:56:34.777922","1","0.1.1"
"2023-02-26 23:52:36.171886","79","0.2.0"
"2023-02-26 22:52:35.905171","100","0.2.0"
"2023-02-26 22:20:33.435076","3","0.1.0"
"2023-02-26 21:52:21.402369","82","0.2.0"
"2023-02-26 20:48:45.410775","120","0.2.0"
"2023-02-26 20:33:14.019137","1","0.1.0"
"2023-02-26 19:53:28.607453","1","0.0.2"
"2023-02-26 19:50:45.863337","168","0.1.1"
"2023-02-26 18:50:39.282384","43","0.1.1"
"2023-02-26 17:49:26.209807","30","0.1.1"
"2023-02-26 17:24:34.978413","1","0.0.2"
"2023-02-26 17:03:05.236476","2","0.1.0"
"2023-02-26 16:48:33.512896","20","0.1.1"
"2023-02-26 16:07:35.422294","1","0.0.2"
"2023-02-26 15:45:06.190986","36","0.1.1"
"2023-02-26 14:36:48.931342","20","0.1.1"
"2023-02-26 13:36:22.167342","28","0.1.1"
"2023-02-26 12:34:14.346012","22","0.1.1"
"2023-02-26 11:51:07.534986","1","0.0.2"
"2023-02-26 11:22:17.027578","20","0.1.1"
"2023-02-26 10:21:39.751623","29","0.1.1"
"2023-02-26 10:13:18.766336","5","0.1.0"
"2023-02-26 09:08:26.112605","21","0.1.0"
"2023-02-26 08:54:35.555729","1","0.0.2"
"2023-02-26 08:03:52.210928","17","0.1.0"
"2023-02-26 06:59:47.796364","10","0.1.0"
"2023-02-26 05:59:01.444221","15","0.1.0"
"2023-02-26 04:58:21.762760","16","0.1.0"
"2023-02-26 04:46:16.242795","4","0.0.2"
"2023-02-26 03:45:10.760042","18","0.0.2"
"2023-02-26 02:42:34.099966","24","0.0.2"
"2023-02-26 01:40:19.442965","21","0.0.2"
"2023-02-26 00:38:08.544438","24","0.0.2"
"2023-02-25 23:35:50.862840","14","0.0.2"
"2023-02-25 22:34:34.762830","27","0.0.2"
"2023-02-25 21:31:16.545960","15","0.0.2"
"2023-02-25 20:29:42.722506","20","0.0.2"
"2023-02-25 19:49:16.013114","2","0.0.1"
"2023-02-25 19:27:29.726192","28","0.0.2"
"2023-02-25 18:26:53.744028","39","0.0.2"
"2023-02-25 17:48:42.774283","20","0.0.1"
"2023-02-25 16:47:15.680038","13","0.0.1"
"2023-02-25 15:46:20.890165","33","0.0.1"
"2023-02-25 14:45:19.376663","7","0.0.1"
